{"cameraMode":{"drawMode":0,"name":"Shaded","section":"Shading Mode"},"sceneLighting":true,"audioPlay":false,"sceneViewState":{"showFog":true,"showMaterialUpdate":false,"showSkybox":true,"showFlares":true,"showImageEffects":true,"showParticleSystems":true},"in2DMode":false,"pivot":{"x":107.98818969726563,"y":155.0,"z":2.11006498336792},"rotation":{"x":-0.007056602742522955,"y":-0.9928777813911438,"z":0.08960077166557312,"w":-0.07820278406143189},"size":627.3369140625,"orthographic":true}