{"cameraMode":{"drawMode":0,"name":"Shaded","section":"Shading Mode"},"sceneLighting":false,"audioPlay":false,"sceneViewState":{"showFog":true,"showMaterialUpdate":false,"showSkybox":false,"showFlares":true,"showImageEffects":true,"showParticleSystems":true},"in2DMode":false,"pivot":{"x":0.0148734450340271,"y":0.07030995190143585,"z":-0.03320193290710449},"rotation":{"x":0.050222717225551608,"y":-0.7141068577766419,"z":0.05150480568408966,"w":0.6963306069374085},"size":2.3100392818450929,"orthographic":false}