{"cameraMode":{"drawMode":0,"name":"Shaded","section":"Shading Mode"},"sceneLighting":false,"audioPlay":false,"sceneViewState":{"showFog":true,"showMaterialUpdate":false,"showSkybox":false,"showFlares":true,"showImageEffects":true,"showParticleSystems":true},"in2DMode":false,"pivot":{"x":-0.25199997425079348,"y":0.0,"z":0.04800000786781311},"rotation":{"x":0.177997887134552,"y":0.10545985400676727,"z":-0.019190488383173944,"w":0.9781752228736877},"size":2.469597578048706,"orthographic":true}