{"cameraMode":{"drawMode":0,"name":"Shaded","section":"Shading Mode"},"sceneLighting":false,"audioPlay":false,"sceneViewState":{"showFog":true,"showMaterialUpdate":false,"showSkybox":false,"showFlares":true,"showImageEffects":true,"showParticleSystems":true},"in2DMode":false,"pivot":{"x":-0.05962464213371277,"y":0.052271872758865359,"z":0.3030669093132019},"rotation":{"x":0.22104652225971223,"y":-0.07160905748605728,"z":0.01627649925649166,"w":0.9724945425987244},"size":0.4879014492034912,"orthographic":false}