{"cameraMode":{"drawMode":0,"name":"Shaded","section":"Shading Mode"},"sceneLighting":false,"audioPlay":false,"sceneViewState":{"showFog":true,"showMaterialUpdate":false,"showSkybox":false,"showFlares":true,"showImageEffects":true,"showParticleSystems":true},"in2DMode":false,"pivot":{"x":0.9384958744049072,"y":0.7239362001419067,"z":-0.2998899519443512},"rotation":{"x":0.050222717225551608,"y":-0.7141068577766419,"z":0.05150480568408966,"w":0.6963306069374085},"size":1.958930253982544,"orthographic":false}