{"cameraMode":{"drawMode":0,"name":"Shaded","section":"Shading Mode"},"sceneLighting":false,"audioPlay":false,"sceneViewState":{"showFog":true,"showMaterialUpdate":false,"showSkybox":false,"showFlares":true,"showImageEffects":true,"showParticleSystems":true},"in2DMode":false,"pivot":{"x":-0.11405469477176666,"y":0.46111172437667849,"z":0.0},"rotation":{"x":0.21358457207679749,"y":-0.2369806468486786,"z":0.05349133908748627,"w":0.946234941482544},"size":1.8119993209838868,"orthographic":true}